{
	"name": "Kovan Testnet",
	"dataDir": "kovan",
	"engine": {
		"authorityRound": {
			"params": {
				"stepDuration": "0x4",
				"blockReward": "0x4563918244F40000",
				"validators": {
					"multi": {
						"0": {
							"list": [
								"0x00D6Cc1BA9cf89BD2e58009741f4F7325BAdc0ED",
								"0x00427feae2419c15b89d1c21af10d1b6650a4d3d",
								"0x4Ed9B08e6354C70fE6F8CB0411b0d3246b424d6c",
								"0x0020ee4Be0e2027d76603cB751eE069519bA81A1",
								"0x0010f94b296a852aaac52ea6c5ac72e03afd032d",
								"0x007733a1FE69CF3f2CF989F81C7b4cAc1693387A",
								"0x00E6d2b931F55a3f1701c7389d592a7778897879",
								"0x00e4a10650e5a6D6001C38ff8E64F97016a1645c",
								"0x00a0a24b9f0e5ec7aa4c7389b8302fd0123194de"
							]
						},
						"10960440": {
							"list": [
								"0x00D6Cc1BA9cf89BD2e58009741f4F7325BAdc0ED",
								"0x0010f94b296a852aaac52ea6c5ac72e03afd032d",
								"0x00a0a24b9f0e5ec7aa4c7389b8302fd0123194de"
							]
						},
						"10960500": {
							"safeContract": "0xaE71807C1B0a093cB1547b682DC78316D945c9B8"
						}
					}
				},
				"validateScoreTransition": "0x41a3c4",
				"validateStepTransition": "0x16e360",
				"maximumUncleCountTransition": "0x4d50f8",
				"maximumUncleCount": "0x0"
			}
		}
	},
	"params": {
		"gasLimitBoundDivisor": "0x400",
		"registrar": "0xfAb104398BBefbd47752E7702D9fE23047E1Bca3",
		"maximumExtraDataSize": "0x20",
		"minGasLimit": "0x1388",
		"networkID": "0x2A",
		"forkBlock": "0x9766dc",
		"forkCanonHash": "0xf2fa4bcc417ad374100c2035aa865ff60fb568a83db1b6f6cb8fb52cfebc28b5",
		"eip155Transition": "0xf4240",
		"maxCodeSize": "0x6000",
		"maxCodeSizeTransition": "0x64b540",
		"validateChainIdTransition": "0xf4240",
		"validateReceiptsTransition": "0xf4240",
		"eip98Transition": "0x0",
		"eip140Transition": "0x4d50f8",
		"eip211Transition": "0x4d50f8",
		"eip214Transition": "0x4d50f8",
		"eip658Transition": "0x4d50f8",
		"wasmActivationTransition": "0x64b540",
		"eip145Transition": "0x8c6180",
		"eip1014Transition": "0x8c6180",
		"eip1052Transition": "0x8c6180",
		"eip1283Transition": "0x8c6180",
		"eip1283DisableTransition": "0x9c7b61",
		"eip1283ReenableTransition": "0xd751a5",
		"eip1344Transition": "0xd751a5",
		"eip1706Transition": "0xd751a5",
		"eip1884Transition": "0xd751a5",
		"eip2028Transition": "0xd751a5",
		"kip4Transition": "0x8c6180",
		"kip6Transition": "0x8c6180"
	},
	"genesis": {
		"seal": {
			"authorityRound": {
				"step": "0x0",
				"signature": "0x0000000000000000000000000000000000000000000000000000000000000000000000000000000000000000000000000000000000000000000000000000000000"
			}
		},
		"difficulty": "0x20000",
		"gasLimit": "0x5B8D80"
	},
	"accounts": {
		"0x0000000000000000000000000000000000000001": {
			"balance": "0x1",
			"builtin": {
				"name": "ecrecover",
				"pricing": {
					"linear": {
						"base": 3000,
						"word": 0
					}
				}
			}
		},
		"0x0000000000000000000000000000000000000002": {
			"balance": "0x1",
			"builtin": {
				"name": "sha256",
				"pricing": {
					"linear": {
						"base": 60,
						"word": 12
					}
				}
			}
		},
		"0x0000000000000000000000000000000000000003": {
			"balance": "0x1",
			"builtin": {
				"name": "ripemd160",
				"pricing": {
					"linear": {
						"base": 600,
						"word": 120
					}
				}
			}
		},
		"0x0000000000000000000000000000000000000004": {
			"balance": "0x1",
			"builtin": {
				"name": "identity",
				"pricing": {
					"linear": {
						"base": 15,
						"word": 3
					}
				}
			}
		},
		"0x0000000000000000000000000000000000000005": {
			"builtin": {
				"name": "modexp",
				"activate_at": "0x4d50f8",
				"pricing": {
					"modexp": {
						"divisor": 20
					}
				}
			}
		},
		"0x0000000000000000000000000000000000000006": {
			"builtin": {
				"name": "alt_bn128_add",
				"pricing": {
					"0x4d50f8": {
						"price": { "alt_bn128_const_operations": { "price": 500 }}
					},
					"0xd751a5": {
						"info": "EIP 1108 transition at block 14_111_141 (0xd751a5)",
						"price": { "alt_bn128_const_operations": { "price": 150 }}
					}
				}
			}
		},
		"0x0000000000000000000000000000000000000007": {
			"builtin": {
				"name": "alt_bn128_mul",
				"pricing": {
					"0x4d50f8": {
						"price": { "alt_bn128_const_operations": { "price": 40000 }}
					},
					"0xd751a5": {
						"info": "EIP 1108 transition at block 14_111_141 (0xd751a5)",
						"price": { "alt_bn128_const_operations": { "price": 6000 }}
					}
				}
			}
		},
		"0x0000000000000000000000000000000000000008": {
			"builtin": {
				"name": "alt_bn128_pairing",
				"pricing": {
					"0x4d50f8": {
						"price": { "alt_bn128_pairing": { "base": 100000, "pair": 80000 }}
					},
					"0xd751a5": {
						"info": "EIP 1108 transition at block 14_111_141 (0xd751a5)",
						"price": { "alt_bn128_pairing": { "base": 45000, "pair": 34000 }}
					}
				}
			}
		},
		"0x0000000000000000000000000000000000000009": {
			"builtin": {
				"name": "blake2_f",
				"activate_at": "0xd751a5",
				"pricing": {
					"blake2_f": {
						"gas_per_round": 1
					}
				}
			}
		},
		"0x00521965e7bd230323c423d96c657db5b79d099f": {
			"balance": "1606938044258990275541962092341162602522202993782792835301376"
		}
	},
	"nodes": [
		"enode://f6e37b943bad3a78cb8589b1798d30d210ffd39cfcd2c8f2de4f098467fd49c667980100d919da7ca46cd50505d30989abda87f0b9339377de13d6592c22caf8@34.198.49.72:30303",
		"enode://16898006ba2cd4fa8bf9a3dfe32684c178fa861df144bfc21fe800dc4838a03e342056951fa9fd533dcb0be1219e306106442ff2cf1f7e9f8faa5f2fc1a3aa45@116.203.116.241:30303",
		"enode://2909846f78c37510cc0e306f185323b83bb2209e5ff4fdd279d93c60e3f365e3c6e62ad1d2133ff11f9fd6d23ad9c3dad73bb974d53a22f7d1ac5b7dea79d0b0@3.217.96.11:30303",
		"enode://56abaf065581a5985b8c5f4f88bd202526482761ba10be9bfdcd14846dd01f652ec33fde0f8c0fd1db19b59a4c04465681fcef50e11380ca88d25996191c52de@40.71.221.215:30303",
		"enode://d07827483dc47b368eaf88454fb04b41b7452cf454e194e2bd4c14f98a3278fed5d819dbecd0d010407fc7688d941ee1e58d4f9c6354d3da3be92f55c17d7ce3@52.166.117.77:30303",
		"enode://38e6e7fd416293ed120d567a2675fe078c0205ab0671abf16982ce969823bd1f3443d590c18b321dfae7dcbe1f6ba98ef8702f255c3c9822a188abb82c53adca@51.77.66.187:30303",
		"enode://6f289111f7c77c68651b0f4803c3a47bcec801f9c618bb41231a1a24a6dbb9c76f2fdb63ba7a21357c41ebb7f6922c17397c1b5c8f71f7d3ef7965505d4945de@144.217.72.209:30303",
		"enode://b6340eb94c3db1362ee517801389fe21cce6354275376b1006f8ce84f8a5cfa2b836268b3727be9db7cd3e581f356f39da39418c4ec1d63d959abc235d99cd86@145.239.7.213:30303"
	]
}
