{
	"name": "xDai Chain",
	"dataDir": "xdai",
	"engine": {
		"authorityRound": {
			"params": {
				"stepDuration": 5,
				"blockReward": "0x0",
				"maximumUncleCountTransition": 0,
				"maximumUncleCount": 0,
				"validators": {
					"multi": {
						"0": {
							"list": ["0xcace5b3c29211740e595850e80478416ee77ca21"]
						},
						"1300": {
							"safeContract": "0x22e1229a2c5b95a60983b5577f745a603284f535"
						}
					}
				},
				"blockRewardContractAddress": "0x867305d19606aadba405ce534e303d0e225f9556",
				"blockRewardContractTransition": 1310
			}
		}
	},
	"params": {
		"gasLimitBoundDivisor": "0x400",
		"maximumExtraDataSize": "0x20",
		"minGasLimit": "0x1388",
		"networkID": "100",
		"eip140Transition": "0x0",
		"eip211Transition": "0x0",
		"eip214Transition": "0x0",
		"eip658Transition": "0x0",
		"eip145Transition": 1604400,
		"eip1014Transition": 1604400,
		"eip1052Transition": 1604400,
		"eip1283Transition": 1604400,
		"eip1283DisableTransition": 2508800,
		"eip1283ReenableTransition": 7298030,
		"eip1344Transition": 7298030,
		"eip1706Transition": 7298030,
		"eip1884Transition": 7298030,
		"eip2028Transition": 7298030,
		"registrar": "0x1ec97dc137f5168af053c24460a1200502e1a9d2"
	},
	"genesis": {
		"seal": {
			"authorityRound": {
				"step": "0x0",
				"signature": "0x0000000000000000000000000000000000000000000000000000000000000000000000000000000000000000000000000000000000000000000000000000000000"
			}
		},
		"difficulty": "0x20000",
		"gasLimit": "0x989680"
	},
	"accounts": {
		"0x0000000000000000000000000000000000000005": {
			"builtin": {
				"name": "modexp",
				"pricing": {
					"0": {
						"price": {
							"modexp": {
								"divisor": 20
							}
						}
					}
				}
			}
		},
		"0x0000000000000000000000000000000000000006": {
			"builtin": {
				"name": "alt_bn128_add",
				"pricing": {
					"0": {
						"price": { "alt_bn128_const_operations": { "price": 500 }}
					},
					"7298030": {
						"info": "EIP 1108 transition",
						"price": { "alt_bn128_const_operations": { "price": 150 }}
					}
				}
			}
		},
		"0x0000000000000000000000000000000000000007": {
			"builtin": {
				"name": "alt_bn128_mul",
				"pricing": {
					"0": {
						"price": { "alt_bn128_const_operations": { "price": 40000 }}
					},
					"7298030": {
						"info": "EIP 1108 transition",
						"price": { "alt_bn128_const_operations": { "price": 6000 }}
					}
				}
			}
		},
		"0x0000000000000000000000000000000000000008": {
			"builtin": {
				"name": "alt_bn128_pairing",
				"pricing": {
					"0": {
						"price": { "alt_bn128_pairing": { "base": 100000, "pair": 80000 }}
					},
					"7298030": {
						"info": "EIP 1108 transition",
						"price": { "alt_bn128_pairing": { "base": 45000, "pair": 34000 }}
					}
				}
			}
		},
		"0x0000000000000000000000000000000000000009": {
			"builtin": {
				"name": "blake2_f",
				"pricing": {
					"7298030": {
						"info": "EIP 1108 transition",
						"price": {
							"blake2_f": {
								"gas_per_round": 1
							}
						}
					}
				}
			}
		},
		"0x0000000000000000000000000000000000000001": {
			"balance": "1",
			"builtin": {
				"name": "ecrecover",
				"pricing": {
					"0": {
						"price": {
							"linear": {
								"base": 3000,
								"word": 0
							}
						}
					}
				}
			}
		},
		"0x0000000000000000000000000000000000000002": {
			"balance": "1",
			"builtin": {
				"name": "sha256",
				"pricing": {
					"0": {
						"price": {
							"linear": {
								"base": 60,
								"word": 12
							}
						}
					}
				}
			}
		},
		"0x0000000000000000000000000000000000000003": {
			"balance": "1",
			"builtin": {
				"name": "ripemd160",
				"pricing": {
					"0": {
						"price": {
							"linear": {
								"base": 600,
								"word": 120
							}
						}
					}
				}
			}
		},
		"0x0000000000000000000000000000000000000004": {
			"balance": "1",
			"builtin": {
				"name": "identity",
				"pricing": {
					"0": {
						"price": {
							"linear": {
								"base": 15,
								"word": 3
							}
						}
					}
				}
			}
		}
	},
	"nodes": [
		"enode://1c19ba0a77dd663b843c33beb9020e7eb41fc34b47b98424dbc427f74692115d74c7c27b6c0aa2b59bb1d8f710650cae1090153d10b6909ca7bdcdfb183b1c59@54.39.190.172:30303",
		"enode://c1c3a604950119f82d78189792b73f5a82a239017c77465e3c32fc51c1d758a9a772ffddd58436d465342f2cfa6d4a442a49e526743f4d8354d7c5ce794c3ee5@95.179.222.48:30303"
	]
}

